{"cameraMode":{"drawMode":0,"name":"Shaded","section":"Shading Mode"},"sceneLighting":false,"audioPlay":false,"sceneViewState":{"m_AlwaysRefresh":false,"showFog":true,"showSkybox":false,"showFlares":true,"showImageEffects":true,"showParticleSystems":true,"showVisualEffectGraphs":true,"m_FxEnabled":true},"in2DMode":false,"pivot":{"x":-16.869260787963868,"y":-4.443739891052246,"z":-22.457237243652345},"rotation":{"x":0.027933837845921518,"y":-0.9433351159095764,"z":0.0822778195142746,"w":0.32026833295822146},"size":16.641536712646486,"orthographic":false}