{"cameraMode":{"drawMode":0,"name":"Shaded","section":"Shading Mode"},"sceneLighting":false,"audioPlay":false,"sceneViewState":{"m_AlwaysRefresh":false,"showFog":true,"showSkybox":false,"showFlares":true,"showImageEffects":true,"showParticleSystems":true,"showVisualEffectGraphs":true,"m_FxEnabled":true},"in2DMode":false,"pivot":{"x":-0.639400839805603,"y":0.3118096590042114,"z":0.12663304805755616},"rotation":{"x":0.04467930644750595,"y":-0.8996016979217529,"z":0.09480682015419007,"w":0.42395269870758059},"size":2.5520389080047609,"orthographic":false}